wavelength,flux,error
1195.0,0.008861500769853592,0.0003544600331224501
1205.0,0.0694499984383583,0.0027779999654740095
1215.0,0.6080998778343201,0.024323994293808937
1225.0,0.1437000036239624,0.005747999995946884
1235.0,0.006269500125199556,0.0002507799945306033
1245.0,0.0040755001828074455,0.00016301999858114868
1255.0,0.003378000110387802,0.00013512000441551208
1265.0,0.004162500146776438,0.00016650000179652125
1275.0,0.00241499999538064,9.660000068834051e-05
1285.0,0.0019545000977814198,7.81800044933334e-05
1295.0,0.004668000154197216,0.00018672000442165881
1305.0,0.013810000382363796,0.0005524000152945518
1315.0,0.004480999894440174,0.000179239985300228
1325.0,0.004649499896913767,0.00018597999587655067
1335.0,0.019305000081658363,0.0007722000009380281
1345.0,0.00506300013512373,0.000202519993763417
1355.0,0.004196499940007925,0.00016785999468993396
1365.0,0.0034324999433010817,0.00013729999773204327
1375.0,0.0032259998843073845,0.000129039995954372
1385.0,0.004494499880820513,0.00017977999232243747
1395.0,0.00889899954199791,0.00035595998633652925
1405.0,0.006819500122219324,0.0002727799874264747
1415.0,0.004612499848008156,0.00018449999333824962
1425.0,0.005121000111103058,0.00020484000560827553
1435.0,0.005578999873250723,0.0002231599937658757
1445.0,0.005570500157773495,0.00022282000281848013
1455.0,0.006039499770849943,0.0002415799826849252
1465.0,0.00769349979236722,0.0003077399742323905
1475.0,0.00919449981302023,0.00036777998320758343
1485.0,0.008851000107824802,0.00035404000664129853
1495.0,0.00861700065433979,0.0003446800110395998
1505.0,0.009397000074386597,0.0003758799866773188
1515.0,0.010006500408053398,0.0004002600035164505
1525.0,0.012684999965131283,0.0005073999636806548
1535.0,0.01412499975413084,0.0005649999948218465
1545.0,0.022624999284744263,0.0009049999644048512
1555.0,0.023435000330209732,0.0009373999782837927
1565.0,0.019819999113678932,0.0007927999249659479
1575.0,0.018434999510645866,0.0007373999687843025
1585.0,0.017945000901818275,0.0007177999941632152
1595.0,0.018710000440478325,0.0007483999943360686
1605.0,0.02070000022649765,0.0008280000183731318
1615.0,0.02381500042974949,0.0009525999776087701
1625.0,0.02703000046312809,0.001081199967302382
1635.0,0.03087499924004078,0.001234999974258244
1645.0,0.032145000994205475,0.0012858000118285418
1655.0,0.046160001307725906,0.0018463999731466174
1665.0,0.042739998549222946,0.001709599862806499
1675.0,0.04141499847173691,0.0016565999248996377
1685.0,0.0484049990773201,0.001936199958436191
1695.0,0.06238999962806702,0.0024955999106168747
1705.0,0.07017499953508377,0.0028069999534636736
1715.0,0.07330500334501266,0.002932199975475669
1725.0,0.07720000296831131,0.0030879999976605177
1735.0,0.0812549963593483,0.0032501998357474804
1745.0,0.09635499864816666,0.003854199778288603
1755.0,0.11469999700784683,0.004587999545037746
1765.0,0.1298999935388565,0.005195999518036842
1775.0,0.14970000088214874,0.005987999960780144
1785.0,0.16459999978542328,0.006583999842405319
1795.0,0.16850000619888306,0.00674000009894371
1805.0,0.1960500031709671,0.007841999642550945
1815.0,0.23989999294281006,0.009595999494194984
1825.0,0.23964999616146088,0.009585999883711338
1835.0,0.23919999599456787,0.00956799928098917
1845.0,0.21934999525547028,0.00877399928867817
1855.0,0.24535000324249268,0.009813999757170677
1865.0,0.28700000047683716,0.011479999870061874
1875.0,0.3197999894618988,0.012791999615728855
1885.0,0.3494499921798706,0.013977999798953533
1895.0,0.3793500065803528,0.015173999592661858
1905.0,0.39925000071525574,0.015969999134540558
1915.0,0.4422000050544739,0.017688000574707985
1925.0,0.4377500116825104,0.017510000616312027
1935.0,0.4032000005245209,0.016127999871969223
1945.0,0.5530999898910522,0.022123999893665314
1955.0,0.5768499970436096,0.02307399921119213
1965.0,0.6370499730110168,0.025481998920440674
1975.0,0.6571499705314636,0.02628599852323532
1985.0,0.6555500030517578,0.026221999898552895
1995.0,0.7052000164985657,0.02820800058543682
2005.6490478515625,0.7756500244140625,0.031026000156998634
2015.6507568359375,0.8497499823570251,0.03398999944329262
2025.652587890625,0.8730999827384949,0.03492399677634239
2035.6544189453125,0.9743000268936157,0.038972001522779465
2045.65625,1.0835000276565552,0.04334000125527382
2055.657958984375,1.1160000562667847,0.04464000090956688
2065.659912109375,1.1720000505447388,0.046879999339580536
2075.661865234375,1.340999960899353,0.05363999679684639
2085.663818359375,1.5850000381469727,0.06340000033378601
2095.665771484375,2.2330000400543213,0.08931999653577805
2105.667724609375,2.9165000915527344,0.11665999889373779
2115.669677734375,3.500999927520752,0.14003999531269073
2125.671630859375,3.2704999446868896,0.13081999123096466
2135.673583984375,3.446500062942505,0.1378600001335144
2145.675537109375,4.172500133514404,0.16690000891685486
2155.677734375,3.7715001106262207,0.150859996676445
2165.6796875,3.3635001182556152,0.13454000651836395
2175.681640625,3.6665000915527344,0.1466600000858307
2185.683837890625,4.621500015258789,0.1848599910736084
2195.685791015625,4.888999938964844,0.19555999338626862
2205.68798828125,4.933000087738037,0.19731999933719635
2215.68994140625,4.119500160217285,0.16478000581264496
2225.692138671875,5.15700101852417,0.20628003776073456
2235.6943359375,6.540500164031982,0.26162001490592957
2245.696533203125,6.125500202178955,0.24502000212669373
2255.698486328125,5.445000171661377,0.21780000627040863
2265.70068359375,4.110000133514404,0.16439999639987946
2275.702880859375,4.133999824523926,0.1653599888086319
2285.705078125,5.396500110626221,0.21585999429225922
2295.707275390625,4.954999923706055,0.19819998741149902
2305.70947265625,5.415999889373779,0.21663999557495117
2315.711669921875,5.295499801635742,0.21181999146938324
2325.7138671875,5.527500152587891,0.22110000252723694
2335.716064453125,4.66349983215332,0.18653999269008636
2345.71826171875,4.055500030517578,0.16222000122070312
2355.720458984375,5.335000038146973,0.2133999913930893
2365.72265625,5.054999828338623,0.2021999955177307
2375.72509765625,5.040999889373779,0.20163999497890472
2385.727294921875,4.361000061035156,0.17443999648094177
2395.7294921875,4.593999862670898,0.18375998735427856
2405.731689453125,4.109499931335449,0.1643799990415573
2415.734130859375,5.326499938964844,0.21305999159812927
2425.736328125,7.32450008392334,0.29297998547554016
2435.738525390625,6.9054999351501465,0.2762199938297272
2445.740966796875,6.340000152587891,0.25360000133514404
2455.7431640625,5.146500110626221,0.20586000382900238
2465.74560546875,5.244999885559082,0.20979999005794525
2475.747802734375,5.770500183105469,0.23082000017166138
2485.750244140625,4.748499870300293,0.18993999063968658
2495.75244140625,5.859000205993652,0.234360009431839
2505.7548828125,6.266499996185303,0.2506600022315979
2515.757080078125,4.80649995803833,0.1922599971294403
2525.759521484375,4.31850004196167,0.17273999750614166
2535.76171875,5.361499786376953,0.21445998549461365
2545.76416015625,6.196000099182129,0.2478400021791458
2555.7666015625,8.223999977111816,0.32896000146865845
2565.768798828125,10.550000190734863,0.421999990940094
2575.771240234375,13.010000228881836,0.5203999876976013
2585.773681640625,12.979999542236328,0.5191999673843384
2595.77587890625,10.850000381469727,0.43400001525878906
2605.7783203125,8.915499687194824,0.3566199839115143
2615.78076171875,9.304499626159668,0.3721799850463867
2625.782958984375,10.800000190734863,0.4320000112056732
2635.785400390625,16.954999923706055,0.6782000064849854
2645.787841796875,25.90999984741211,1.0363999605178833
2655.790283203125,26.2549991607666,1.0501999855041504
2665.792724609375,25.895000457763672,1.0357999801635742
2675.794921875,26.059999465942383,1.0424000024795532
2685.79736328125,25.334999084472656,1.0133999586105347
2695.7998046875,24.809999465942383,0.9923999309539795
2705.80224609375,27.760000228881836,1.1103999614715576
2715.8046875,23.295000076293945,0.9318000078201294
2725.80712890625,20.485000610351562,0.8194000124931335
2735.8095703125,20.53499984741211,0.821399986743927
2745.81201171875,13.8149995803833,0.5525999665260315
2755.814453125,18.155000686645508,0.7261999845504761
2765.81689453125,25.204999923706055,1.00819993019104
2775.819091796875,24.329999923706055,0.9731999635696411
2785.821533203125,16.540000915527344,0.6615999937057495
2795.823974609375,9.058500289916992,0.3623400032520294
2805.826416015625,9.978500366210938,0.39914000034332275
2815.828857421875,21.690000534057617,0.8676000237464905
2825.83154296875,30.475000381469727,1.218999981880188
2835.833984375,32.529998779296875,1.3011999130249023
2845.83642578125,24.475000381469727,0.9789999723434448
2855.8388671875,16.959999084472656,0.678399920463562
2865.84130859375,33.34000015258789,1.3335999250411987
2875.84375,34.790000915527344,1.3916000127792358
2885.84619140625,33.290000915527344,1.3315999507904053
2895.8486328125,48.91999816894531,1.956799864768982
2905.85107421875,62.255001068115234,2.4902000427246094
2915.853515625,60.18000030517578,2.4071998596191406
2925.85595703125,53.95000076293945,2.1579999923706055
2935.858642578125,55.45000076293945,2.2179999351501465
2945.861083984375,52.68000030517578,2.1071999073028564
2955.863525390625,57.1150016784668,2.284600019454956
2965.865966796875,52.58000183105469,2.1031999588012695
2975.868408203125,52.46500015258789,2.098599910736084
2985.870849609375,48.20000076293945,1.9279999732971191
2995.87353515625,50.154998779296875,2.006199836730957
3005.8759765625,43.6150016784668,1.7446000576019287
3015.87841796875,47.275001525878906,1.8910000324249268
3025.880859375,50.689998626708984,2.027599811553955
3035.88330078125,64.45500183105469,2.578200101852417
3045.885986328125,62.54999923706055,2.501999855041504
3055.888427734375,61.67499923706055,2.4670000076293945
3065.890869140625,57.70500183105469,2.3082001209259033
3075.893310546875,63.849998474121094,2.553999900817871
3085.89599609375,63.5099983215332,2.5403997898101807
3095.8984375,51.64500045776367,2.0657999515533447
3105.90087890625,64.81999969482422,2.5927999019622803
3115.903564453125,75.63999938964844,3.025599956512451
3125.906005859375,68.08000183105469,2.7232000827789307
3135.908447265625,72.58000183105469,2.9031999111175537
3145.9111328125,68.81500244140625,2.7525999546051025
3155.91357421875,65.68499755859375,2.6273999214172363
3165.916015625,65.60001373291016,2.6240005493164062
3175.91845703125,80.25,3.2100000381469727
3185.921142578125,69.03500366210938,2.761399984359741
3195.923583984375,73.86000061035156,2.954400062561035
3205.92626953125,83.48999786376953,3.339599847793579
3215.9287109375,72.59500122070312,2.9038000106811523
3225.93115234375,71.44999694824219,2.857999801635742
3235.933837890625,68.625,2.744999885559082
3245.936279296875,78.95999145507812,3.1583995819091797
3255.938720703125,90.98999786376953,3.6395998001098633
3265.94140625,101.55000305175781,4.061999797821045
3275.94384765625,98.83000183105469,3.953200101852417
3285.946533203125,95.21000671386719,3.8084001541137695
3295.948974609375,110.0,4.400000095367432
3305.951416015625,105.3499984741211,4.2139997482299805
3315.9541015625,100.13500213623047,4.00540018081665
3325.95654296875,99.06999969482422,3.9627997875213623
3335.959228515625,95.48999786376953,3.8195998668670654
3345.961669921875,99.38999938964844,3.975600004196167
3355.96435546875,97.75499725341797,3.9101998805999756
3365.966796875,83.96000671386719,3.3584001064300537
3375.969482421875,87.36000061035156,3.4944000244140625
3385.971923828125,95.60001373291016,3.824000358581543
3395.974365234375,99.44499969482422,3.977799892425537
3405.97705078125,104.30000305175781,4.171999931335449
3415.9794921875,95.8499984741211,3.8339998722076416
3425.982177734375,103.05000305175781,4.122000217437744
3435.984619140625,98.70500183105469,3.948199987411499
3445.9873046875,82.69000244140625,3.3076000213623047
3455.98974609375,97.3499984741211,3.8939998149871826
3465.992431640625,96.07499694824219,3.8429996967315674
3475.994873046875,93.5199966430664,3.74079966545105
3485.99755859375,93.14998626708984,3.725999355316162
3496.0,92.43000793457031,3.697200298309326
3506.002685546875,108.75,4.349999904632568
3516.00537109375,101.6500015258789,4.065999984741211
3526.0078125,94.2400131225586,3.7696003913879395
3536.010498046875,107.1500015258789,4.285999774932861
3546.012939453125,115.05000305175781,4.6020002365112305
3556.015625,108.4000015258789,4.335999965667725
3566.01806640625,94.2699966430664,3.7707998752593994
3576.020751953125,82.59500122070312,3.303799867630005
3586.023193359375,72.11000061035156,2.884399890899658
3596.02587890625,103.05000305175781,4.122000217437744
3606.0283203125,100.5,4.019999980926514
3616.031005859375,91.19499206542969,3.647799491882324
3626.03369140625,103.55000305175781,4.142000198364258
3636.0361328125,103.4000015258789,4.136000156402588
3646.038818359375,105.0999984741211,4.203999996185303
3656.041259765625,119.6500015258789,4.785999774932861
3666.0439453125,127.9000015258789,5.116000175476074
3676.046630859375,122.55000305175781,4.9019999504089355
3686.049072265625,114.3499984741211,4.573999881744385
3696.0517578125,127.5,5.099999904632568
3706.05419921875,118.55000305175781,4.742000102996826
3716.056884765625,122.0,4.880000114440918
3726.0595703125,109.6500015258789,4.386000156402588
3736.06201171875,95.74500274658203,3.8298001289367676
3746.064697265625,93.68499755859375,3.7473998069763184
3756.067138671875,110.30000305175781,4.4120001792907715
3766.06982421875,112.80000305175781,4.51200008392334
3776.072509765625,133.0500030517578,5.322000026702881
3786.074951171875,137.5500030517578,5.501999855041504
3796.07763671875,110.75,4.429999828338623
3806.080322265625,124.55000305175781,4.98199987411499
3816.082763671875,111.8499984741211,4.473999977111816
3826.08544921875,81.94999694824219,3.2779998779296875
3836.088134765625,71.09500122070312,2.8438000679016113
3846.090576171875,99.31999969482422,3.9728000164031982
3856.09326171875,104.55000305175781,4.182000160217285
3866.095703125,104.30000305175781,4.171999931335449
3876.098388671875,103.9000015258789,4.156000137329102
3886.10107421875,101.94999694824219,4.077999591827393
3896.103515625,121.44999694824219,4.857999801635742
3906.106201171875,128.9499969482422,5.1579999923706055
3916.10888671875,138.75,5.549999713897705
3926.111328125,105.69999694824219,4.227999687194824
3936.114013671875,60.45500183105469,2.4182000160217285
3946.11669921875,106.30000305175781,4.251999855041504
3956.119384765625,136.0500030517578,5.441999912261963
3966.121826171875,88.40499877929688,3.5361998081207275
3976.12451171875,95.87999725341797,3.8351998329162598
3986.127197265625,157.64999389648438,6.305999755859375
3996.129638671875,172.25,6.889999866485596
4006.13232421875,174.1999969482422,6.9679999351501465
4016.135009765625,181.1999969482422,7.247999668121338
4026.137451171875,182.5500030517578,7.302000045776367
4036.14013671875,174.9499969482422,6.997999668121338
4046.142822265625,173.8000030517578,6.952000141143799
4056.1455078125,173.14999389648438,6.925999641418457
4066.14794921875,165.10000610351562,6.604000091552734
4076.150634765625,168.8000030517578,6.751999855041504
4086.1533203125,179.9499969482422,7.197999954223633
4096.15576171875,177.60000610351562,7.104000091552734
4106.15869140625,150.39999389648438,6.015999794006348
4116.1611328125,182.1999969482422,7.287999629974365
4126.16357421875,179.39999389648438,7.175999641418457
4136.16650390625,176.0,7.039999961853027
4146.1689453125,174.10000610351562,6.964000225067139
4156.17138671875,173.8000030517578,6.952000141143799
4166.17431640625,184.6999969482422,7.387999534606934
4176.1767578125,166.89999389648438,6.675999641418457
4186.1796875,168.8000030517578,6.751999855041504
4196.18212890625,170.5,6.819999694824219
4206.1845703125,176.1999969482422,7.047999858856201
4216.1875,180.1999969482422,7.2079997062683105
4226.18994140625,158.60000610351562,6.344000339508057
4236.1923828125,171.5,6.859999656677246
4246.1953125,177.1999969482422,7.0879998207092285
4256.19775390625,169.89999389648438,6.795999526977539
4266.20068359375,170.1999969482422,6.807999610900879
4276.203125,157.3000030517578,6.291999816894531
4286.20556640625,159.10000610351562,6.36400032043457
4296.20849609375,147.89999389648438,5.915999412536621
4306.2109375,113.80000305175781,4.552000045776367
4316.21337890625,169.0,6.759999752044678
4326.21630859375,165.0,6.599999904632568
4336.21875,173.5,6.940000057220459
4346.2216796875,167.39999389648438,6.695999622344971
4356.22412109375,172.6999969482422,6.907999515533447
4366.2265625,193.39999389648438,7.735999584197998
4376.2294921875,181.10000610351562,7.24399995803833
4386.23193359375,157.10000610351562,6.283999919891357
4396.23486328125,183.0,7.319999694824219
4406.2373046875,171.6999969482422,6.86799955368042
4416.23974609375,193.60000610351562,7.74399995803833
4426.24267578125,198.5,7.940000057220459
4436.2451171875,191.39999389648438,7.655999660491943
4446.248046875,197.8000030517578,7.9120001792907715
4456.25048828125,182.60000610351562,7.303999900817871
4466.2529296875,189.60000610351562,7.584000110626221
4476.255859375,208.1999969482422,8.32800006866455
4486.25830078125,197.8000030517578,7.9120001792907715
4496.26123046875,203.1999969482422,8.127999305725098
4506.263671875,214.89999389648438,8.595999717712402
4516.26611328125,211.39999389648438,8.455999374389648
4526.26904296875,194.60000610351562,7.783999919891357
4536.271484375,197.5,7.899999618530273
4546.2744140625,198.39999389648438,7.935999393463135
4556.27685546875,203.89999389648438,8.155999183654785
4566.279296875,208.1999969482422,8.32800006866455
4576.2822265625,210.5,8.420000076293945
4586.28466796875,197.60000610351562,7.904000282287598
4596.28759765625,201.39999389648438,8.055999755859375
4606.2900390625,204.5,8.179999351501465
4616.29296875,206.0,8.239999771118164
4626.29541015625,210.89999389648438,8.435999870300293
4636.2978515625,204.5,8.179999351501465
4646.30078125,198.10000610351562,7.924000263214111
4656.30322265625,204.6999969482422,8.187999725341797
4666.30615234375,192.60000610351562,7.703999996185303
4676.30859375,202.0,8.079999923706055
4686.31103515625,199.89999389648438,7.995999813079834
4696.31396484375,199.5,7.980000019073486
4706.31640625,188.1999969482422,7.5279998779296875
4716.3193359375,202.3000030517578,8.092000007629395
4726.32177734375,204.60000610351562,8.184000015258789
4736.32470703125,199.60000610351562,7.984000205993652
4746.3271484375,205.60000610351562,8.223999977111816
4756.32958984375,202.10000610351562,8.083999633789062
4766.33251953125,196.10000610351562,7.843999862670898
4776.3349609375,208.0,8.319999694824219
4786.337890625,201.39999389648438,8.055999755859375
4796.34033203125,208.10000610351562,8.324000358581543
4806.34326171875,204.0,8.15999984741211
4816.345703125,209.5,8.380000114440918
4826.34814453125,202.8000030517578,8.11199951171875
4836.35107421875,202.39999389648438,8.095999717712402
4846.353515625,197.39999389648438,7.895999431610107
4856.3564453125,183.5,7.339999675750732
4866.35888671875,162.89999389648438,6.515999794006348
4876.36181640625,183.5,7.339999675750732
4886.3642578125,191.89999389648438,7.675999641418457
4896.36669921875,196.5,7.859999656677246
4906.36962890625,201.1999969482422,8.047999382019043
4916.3720703125,190.10000610351562,7.604000091552734
4926.375,190.10000610351562,7.604000091552734
4936.37744140625,189.3000030517578,7.572000026702881
4946.38037109375,206.3000030517578,8.251999855041504
4956.3828125,193.10000610351562,7.723999977111816
4966.3857421875,202.1999969482422,8.08799934387207
4976.38818359375,202.3000030517578,8.092000007629395
4986.390625,187.10000610351562,7.484000205993652
4996.3935546875,197.5,7.899999618530273
5006.39599609375,186.1999969482422,7.447999477386475
5016.39892578125,181.6999969482422,7.267999649047852
5026.4013671875,189.89999389648438,7.595999717712402
5036.404296875,193.89999389648438,7.755999565124512
5046.40673828125,187.39999389648438,7.495999813079834
5056.40966796875,199.8000030517578,7.992000102996826
5066.412109375,196.60000610351562,7.863999843597412
5076.41455078125,191.10000610351562,7.644000053405762
5086.41748046875,192.39999389648438,7.695999622344971
5096.419921875,192.10000610351562,7.684000015258789
5106.4228515625,195.1999969482422,7.807999610900879
5116.42529296875,200.1999969482422,8.007999420166016
5126.42822265625,187.1999969482422,7.48799991607666
5136.4306640625,186.60000610351562,7.464000225067139
5146.43359375,187.89999389648438,7.515999794006348
5156.43603515625,190.5,7.619999885559082
5166.4384765625,167.3000030517578,6.691999912261963
5176.44140625,173.0,6.920000076293945
5186.44384765625,165.8000030517578,6.631999969482422
5196.44677734375,183.3000030517578,7.331999778747559
5206.44921875,183.60000610351562,7.343999862670898
5216.4521484375,191.10000610351562,7.644000053405762
5226.45458984375,182.8000030517578,7.311999797821045
5236.45751953125,189.89999389648438,7.595999717712402
5246.4599609375,196.3000030517578,7.851999759674072
5256.462890625,193.5,7.739999771118164
5266.46533203125,167.8000030517578,6.711999893188477
5276.4677734375,183.3000030517578,7.331999778747559
5286.470703125,190.1999969482422,7.607999801635742
5296.47314453125,192.3000030517578,7.691999912261963
5306.47607421875,195.6999969482422,7.827999591827393
5316.478515625,196.8000030517578,7.871999740600586
5326.4814453125,177.5,7.099999904632568
5336.48388671875,192.8000030517578,7.711999893188477
5346.48681640625,186.3000030517578,7.452000141143799
5356.4892578125,199.5,7.980000019073486
5366.4921875,187.60000610351562,7.504000186920166
5376.49462890625,188.6999969482422,7.547999858856201
5386.49755859375,190.89999389648438,7.63599967956543
5396.5,183.6999969482422,7.347999572753906
5406.50244140625,177.39999389648438,7.095999717712402
5416.50537109375,188.60000610351562,7.544000148773193
5426.5078125,183.0,7.319999694824219
5436.5107421875,188.39999389648438,7.535999774932861
5446.51318359375,188.39999389648438,7.535999774932861
5456.51611328125,190.60000610351562,7.624000072479248
5466.5185546875,188.39999389648438,7.535999774932861
5476.521484375,183.8000030517578,7.351999759674072
5486.52392578125,186.8000030517578,7.4720001220703125
5496.52685546875,190.0,7.599999904632568
5506.529296875,186.6999969482422,7.4679999351501465
5516.5322265625,187.60000610351562,7.504000186920166
5526.53466796875,185.10000610351562,7.404000282287598
5536.53759765625,188.6999969482422,7.547999858856201
5546.5400390625,190.3000030517578,7.611999988555908
5556.54296875,190.1999969482422,7.607999801635742
5566.54541015625,182.60000610351562,7.303999900817871
5576.5478515625,185.10000610351562,7.404000282287598
5586.55078125,179.1999969482422,7.167999744415283
5596.55322265625,181.3000030517578,7.251999855041504
5606.55615234375,184.8000030517578,7.3919997215271
5616.55859375,182.89999389648438,7.315999507904053
5626.5615234375,185.5,7.419999599456787
5636.56396484375,186.60000610351562,7.464000225067139
5646.56689453125,185.89999389648438,7.435999393463135
5656.5693359375,180.3000030517578,7.211999893188477
5666.572265625,183.39999389648438,7.335999488830566
5676.57470703125,189.1999969482422,7.567999839782715
5686.57763671875,181.5,7.259999752044678
5696.580078125,186.5,7.460000038146973
5706.5830078125,177.39999389648438,7.095999717712402
5716.58544921875,182.8000030517578,7.311999797821045
5726.58837890625,189.6999969482422,7.5879998207092285
5736.5908203125,188.10000610351562,7.52400016784668
5746.59375,187.1999969482422,7.48799991607666
5756.59619140625,183.5,7.339999675750732
5766.59912109375,185.10000610351562,7.404000282287598
5776.6015625,186.1999969482422,7.447999477386475
5786.60400390625,178.8000030517578,7.1519999504089355
5796.60693359375,183.3000030517578,7.331999778747559
5806.609375,184.3000030517578,7.371999740600586
5816.6123046875,185.8000030517578,7.432000160217285
5826.61474609375,187.8000030517578,7.51200008392334
5836.61767578125,186.1999969482422,7.447999477386475
5846.6201171875,186.5,7.460000038146973
5856.623046875,178.8000030517578,7.1519999504089355
5866.62548828125,183.5,7.339999675750732
5876.62841796875,185.3000030517578,7.4120001792907715
5886.630859375,175.39999389648438,7.015999794006348
5896.6337890625,161.60000610351562,6.464000225067139
5906.63623046875,181.8000030517578,7.271999835968018
5916.63916015625,179.1999969482422,7.167999744415283
5926.6416015625,181.3000030517578,7.251999855041504
5936.64453125,180.10000610351562,7.203999996185303
5946.64697265625,177.8000030517578,7.111999988555908
5956.64990234375,178.6999969482422,7.1479997634887695
5966.65234375,181.0,7.239999771118164
5976.6552734375,178.5,7.139999866485596
5986.65771484375,176.1999969482422,7.047999858856201
5996.66064453125,177.89999389648438,7.115999698638916
6006.6630859375,175.0,7.0
6016.666015625,175.5,7.019999980926514
6026.66845703125,172.3000030517578,6.892000198364258
6036.67138671875,179.1999969482422,7.167999744415283
6046.673828125,178.10000610351562,7.124000072479248
6056.6767578125,176.8000030517578,7.072000026702881
6066.67919921875,176.39999389648438,7.055999755859375
6076.68212890625,176.1999969482422,7.047999858856201
6086.6845703125,174.6999969482422,6.98799991607666
6096.6875,174.8000030517578,6.992000102996826
6106.68994140625,170.6999969482422,6.827999591827393
6116.69287109375,175.0,7.0
6126.6953125,170.89999389648438,6.835999488830566
6136.6982421875,168.6999969482422,6.747999668121338
6146.70068359375,171.6999969482422,6.86799955368042
6156.70361328125,171.6999969482422,6.86799955368042
6166.7060546875,161.3000030517578,6.452000141143799
6176.708984375,171.10000610351562,6.843999862670898
6186.71142578125,172.8000030517578,6.9120001792907715
6196.71435546875,171.10000610351562,6.843999862670898
6206.716796875,173.8000030517578,6.952000141143799
6216.71923828125,169.39999389648438,6.775999546051025
6226.72216796875,171.6999969482422,6.86799955368042
6236.724609375,167.0,6.679999828338623
6246.7275390625,166.0,6.639999866485596
6256.72998046875,163.60000610351562,6.544000148773193
6266.73291015625,170.10000610351562,6.803999900817871
6276.7353515625,170.10000610351562,6.803999900817871
6286.73828125,170.10000610351562,6.803999900817871
6296.74072265625,168.10000610351562,6.723999977111816
6311.7451171875,164.3000030517578,6.572000026702881
6331.75048828125,165.5,6.619999885559082
6351.755859375,166.0,6.639999866485596
6371.76123046875,165.8000030517578,6.631999969482422
6391.7666015625,165.5,6.619999885559082
6411.77197265625,161.8000030517578,6.4720001220703125
6431.77734375,162.5,6.5
6451.78271484375,163.10000610351562,6.52400016784668
6471.7880859375,160.6999969482422,6.427999496459961
6491.79345703125,156.1999969482422,6.247999668121338
6511.798828125,161.0,6.440000057220459
6531.80419921875,160.3000030517578,6.4120001792907715
6551.8095703125,153.60000610351562,6.144000053405762
6571.81494140625,138.8000030517578,5.552000045776367
6591.8203125,155.3000030517578,6.211999893188477
6611.82568359375,157.5,6.299999713897705
6631.8310546875,155.89999389648438,6.235999584197998
6651.83642578125,156.39999389648438,6.255999565124512
6671.841796875,153.89999389648438,6.155999660491943
6691.84716796875,155.0,6.199999809265137
6711.8525390625,152.0,6.079999923706055
6731.85791015625,152.5,6.099999904632568
6751.86328125,151.39999389648438,6.055999755859375
6771.86865234375,151.1999969482422,6.047999858856201
6791.8740234375,150.1999969482422,6.007999897003174
6811.87939453125,149.60000610351562,5.984000205993652
6831.884765625,148.3000030517578,5.932000160217285
6851.89013671875,145.89999389648438,5.835999488830566
6871.8955078125,147.10000610351562,5.884000301361084
6891.90087890625,146.5,5.859999656677246
6911.90625,145.1999969482422,5.807999610900879
6931.91162109375,145.1999969482422,5.807999610900879
6951.9169921875,144.0,5.759999752044678
6971.92236328125,142.0,5.679999828338623
6991.927734375,142.89999389648438,5.715999603271484
7011.93310546875,139.0,5.559999942779541
7031.9384765625,139.1999969482422,5.567999839782715
7051.94384765625,141.89999389648438,5.675999641418457
7071.94921875,140.39999389648438,5.615999698638916
7091.95458984375,138.8000030517578,5.552000045776367
7111.9599609375,138.89999389648438,5.555999755859375
7131.96533203125,137.6999969482422,5.507999897003174
7151.970703125,137.0,5.480000019073486
7171.9765625,135.6999969482422,5.427999973297119
7191.98193359375,133.10000610351562,5.324000358581543
7211.9873046875,133.39999389648438,5.335999488830566
7231.99267578125,135.10000610351562,5.404000282287598
7251.998046875,135.3000030517578,5.4120001792907715
7272.00341796875,134.89999389648438,5.395999431610107
7292.0087890625,132.1999969482422,5.287999629974365
7312.01416015625,132.89999389648438,5.315999507904053
7332.01953125,132.10000610351562,5.283999919891357
7352.02490234375,131.1999969482422,5.247999668121338
7372.0302734375,131.0,5.239999771118164
7392.03564453125,128.10000610351562,5.124000072479248
7412.041015625,126.0999984741211,5.043999671936035
7432.04638671875,128.89999389648438,5.155999660491943
7452.0517578125,128.1999969482422,5.127999782562256
7472.05712890625,128.60000610351562,5.144000053405762
7492.0625,127.30000305175781,5.0920000076293945
7512.06787109375,126.5,5.059999942779541
7532.0732421875,126.19999694824219,5.047999858856201
7552.07861328125,125.80000305175781,5.0320000648498535
7572.083984375,125.0999984741211,5.003999710083008
7592.08935546875,124.30000305175781,4.9720001220703125
7612.0947265625,124.0,4.960000038146973
7632.1005859375,124.4000015258789,4.97599983215332
7652.10595703125,122.4000015258789,4.895999908447266
7672.111328125,118.80000305175781,4.751999855041504
7692.11669921875,120.5999984741211,4.823999881744385
7712.1220703125,120.69999694824219,4.827999591827393
7732.12744140625,121.0999984741211,4.843999862670898
7752.1328125,119.0999984741211,4.763999938964844
7772.13818359375,119.9000015258789,4.796000003814697
7792.1435546875,119.0,4.759999752044678
7812.14892578125,119.0,4.759999752044678
7832.154296875,117.9000015258789,4.716000080108643
7852.15966796875,118.30000305175781,4.73199987411499
7872.1650390625,118.0,4.71999979019165
7892.17041015625,117.69999694824219,4.7079997062683105
7912.17578125,116.0999984741211,4.644000053405762
7932.18115234375,114.5999984741211,4.5839996337890625
7952.1865234375,113.69999694824219,4.547999858856201
7972.1923828125,115.5,4.619999885559082
7992.19775390625,113.80000305175781,4.552000045776367
8012.203125,114.5,4.579999923706055
8032.20849609375,113.19999694824219,4.5279998779296875
8052.2138671875,111.80000305175781,4.4720001220703125
8072.21923828125,112.30000305175781,4.492000102996826
8092.224609375,109.80000305175781,4.392000198364258
8112.22998046875,111.69999694824219,4.4679999351501465
8132.2353515625,111.80000305175781,4.4720001220703125
8152.24072265625,111.0,4.440000057220459
8172.24609375,110.69999694824219,4.427999973297119
8192.251953125,106.5999984741211,4.263999938964844
8212.2568359375,108.30000305175781,4.332000255584717
8232.2626953125,107.5999984741211,4.303999900817871
8252.267578125,107.80000305175781,4.311999797821045
8272.2734375,107.9000015258789,4.315999984741211
8292.2783203125,107.5,4.299999713897705
8312.2841796875,107.0,4.279999732971191
8332.2890625,103.5,4.139999866485596
8352.294921875,105.4000015258789,4.216000080108643
8372.2998046875,105.30000305175781,4.211999893188477
8392.3056640625,104.30000305175781,4.171999931335449
8412.3115234375,104.5999984741211,4.184000015258789
8432.31640625,102.9000015258789,4.116000175476074
8452.322265625,103.4000015258789,4.136000156402588
8472.3271484375,102.5999984741211,4.103999614715576
8492.3330078125,97.19999694824219,3.8879997730255127
8512.337890625,100.4000015258789,4.015999794006348
8532.34375,97.39998626708984,3.8959994316101074
8552.3486328125,87.80000305175781,3.51200008392334
8572.3544921875,101.19999694824219,4.047999858856201
8592.359375,99.80000305175781,3.992000102996826
8612.365234375,99.80000305175781,3.992000102996826
8632.3701171875,100.0,4.0
8652.3759765625,97.0999984741211,3.883999824523926
8672.3818359375,88.10001373291016,3.524000406265259
8692.38671875,96.80000305175781,3.871999979019165
8702.3896484375,96.0,3.8399999141693115
8722.39453125,95.30000305175781,3.812000036239624
8742.400390625,95.5999984741211,3.8239998817443848
8762.4052734375,95.80000305175781,3.8320000171661377
8782.4111328125,93.4000015258789,3.7360000610351562
8802.4169921875,93.5,3.740000009536743
8822.421875,92.30000305175781,3.692000150680542
8842.427734375,93.69999694824219,3.747999906539917
8862.4326171875,92.19999694824219,3.687999725341797
8882.4384765625,92.4000015258789,3.69599986076355
8902.443359375,92.0,3.679999828338623
8922.44921875,91.0999984741211,3.6439998149871826
8942.4541015625,91.4000015258789,3.6559998989105225
8962.4599609375,91.9000015258789,3.675999879837036
8982.46484375,89.4000015258789,3.5759999752044678
9002.470703125,88.9000015258789,3.555999994277954
9022.4755859375,89.0999984741211,3.563999891281128
9042.4814453125,88.0999984741211,3.5239999294281006
9062.4873046875,88.0999984741211,3.5239999294281006
9082.4921875,85.4000015258789,3.4159998893737793
9102.498046875,86.5,3.4600000381469727
9122.5029296875,87.30000305175781,3.492000102996826
9142.5087890625,86.5,3.4600000381469727
9162.513671875,86.0,3.43999981880188
9182.51953125,86.0999984741211,3.443999767303467
9202.5244140625,83.5,3.3399999141693115
9222.5302734375,82.80000305175781,3.312000036239624
9242.53515625,83.4000015258789,3.3359999656677246
9262.541015625,83.9000015258789,3.3559999465942383
9282.546875,84.5,3.379999876022339
9302.5517578125,84.0,3.359999895095825
9322.5576171875,84.80000305175781,3.3919999599456787
9342.5625,83.5,3.3399999141693115
9362.568359375,82.0,3.2799999713897705
9382.5732421875,82.80000305175781,3.312000036239624
9402.5791015625,82.0999984741211,3.2839999198913574
9422.583984375,80.5999984741211,3.2239999771118164
9442.58984375,82.19999694824219,3.2879998683929443
9462.5947265625,81.69999694824219,3.2679998874664307
9482.6005859375,80.0999984741211,3.2039997577667236
9502.6064453125,80.30000305175781,3.2120001316070557
9522.611328125,79.5999984741211,3.18399977684021
9542.6171875,78.5,3.1399998664855957
9562.6220703125,79.9000015258789,3.196000099182129
9582.6279296875,79.5999984741211,3.18399977684021
9602.6328125,78.80000305175781,3.1519999504089355
9622.638671875,78.38935089111328,3.1355738639831543
9642.6435546875,78.17941284179688,3.127176523208618
9662.6494140625,77.17265319824219,3.0869059562683105
9682.654296875,77.62555694580078,3.1050221920013428
9702.66015625,77.20777893066406,3.088311195373535
9722.666015625,77.64972686767578,3.1059889793395996
9742.6708984375,75.86094665527344,3.034437894821167
9762.6767578125,76.4954833984375,3.059819221496582
9782.681640625,76.06363677978516,3.0425453186035156
9802.6875,75.68952941894531,3.027581214904785
9822.6923828125,75.96312713623047,3.038525104522705
9842.6982421875,75.3692626953125,3.0147705078125
9862.703125,75.00386810302734,3.000154733657837
9882.708984375,74.73538208007812,2.989415168762207
9902.71484375,73.63179016113281,2.9452714920043945
9922.7197265625,74.30486297607422,2.9721944332122803
9942.7255859375,74.20057678222656,2.9680230617523193
9962.73046875,73.79315185546875,2.951725959777832
9982.736328125,73.5711669921875,2.9428465366363525
10002.7412109375,73.23773193359375,2.929509162902832
10022.7470703125,73.00727844238281,2.9202911853790283
10042.751953125,71.38765716552734,2.855506181716919
10062.7578125,68.9941635131836,2.7597665786743164
10082.7626953125,71.87686920166016,2.875074625015259
10102.7685546875,71.76548767089844,2.870619535446167
10122.7744140625,71.37299346923828,2.854919672012329
10142.779296875,70.70594787597656,2.828237771987915
10162.78515625,70.12577819824219,2.8050310611724854
10182.7900390625,69.87606811523438,2.7950427532196045
10202.7958984375,69.50995635986328,2.78039813041687
10222.80078125,69.1630630493164,2.7665224075317383
10242.806640625,69.81610107421875,2.7926440238952637
10262.8115234375,69.54940795898438,2.7819762229919434
10282.8173828125,69.45960998535156,2.7783844470977783
10302.8232421875,68.42381286621094,2.736952543258667
10322.828125,68.63899230957031,2.7455596923828125
10342.833984375,66.83367919921875,2.673346996307373
10362.8388671875,67.94361114501953,2.7177443504333496
10382.8447265625,66.94673156738281,2.6778693199157715
10402.849609375,66.83846282958984,2.6735384464263916
10422.85546875,66.82946014404297,2.6731784343719482
10442.8603515625,67.02232360839844,2.6808929443359375
10462.8662109375,65.49031066894531,2.619612455368042
10482.8720703125,65.92070770263672,2.6368281841278076
10502.876953125,66.0357894897461,2.6414315700531006
10522.8828125,65.72431945800781,2.6289727687835693
10542.8876953125,65.11802673339844,2.6047210693359375
10562.8935546875,65.3973388671875,2.615893602371216
10582.8984375,63.704410552978516,2.5481762886047363
10602.904296875,63.85567092895508,2.554226875305176
10622.9091796875,64.45622253417969,2.5782487392425537
10642.9150390625,63.76211166381836,2.5504844188690186
10662.9208984375,63.09300994873047,2.5237202644348145
10682.92578125,62.50492858886719,2.500197172164917
10702.931640625,61.494239807128906,2.4597694873809814
10722.9365234375,62.41352081298828,2.4965407848358154
10742.9423828125,61.497779846191406,2.4599111080169678
10762.947265625,61.42462921142578,2.4569849967956543
10782.953125,61.01913070678711,2.440765142440796
10802.9580078125,62.052730560302734,2.4821090698242188
10822.9638671875,59.184959411621094,2.367398262023926
10842.9697265625,59.994930267333984,2.399797201156616
10862.974609375,61.08934020996094,2.443573474884033
10882.98046875,58.11977005004883,2.3247907161712646
10902.9853515625,60.28704071044922,2.4114816188812256
10922.9912109375,59.63124084472656,2.385249614715576
10942.99609375,55.91788864135742,2.23671555519104
10963.001953125,57.40626907348633,2.296250820159912
10983.0068359375,57.286659240722656,2.291466236114502
11003.0126953125,58.664100646972656,2.3465640544891357
11023.0185546875,57.37828826904297,2.2951314449310303
11043.0234375,58.0347785949707,2.3213911056518555
11063.029296875,57.941829681396484,2.3176732063293457
11083.0341796875,57.65679168701172,2.306271553039551
11103.0400390625,57.64046096801758,2.3056182861328125
11123.044921875,56.80030822753906,2.272012233734131
11143.05078125,56.861759185791016,2.274470329284668
11163.0556640625,56.931671142578125,2.27726674079895
11183.0615234375,56.697418212890625,2.2678966522216797
11203.0673828125,55.52505111694336,2.2210021018981934
11223.072265625,56.43431091308594,2.2573723793029785
11243.078125,56.0968017578125,2.2438719272613525
11263.0830078125,54.65652084350586,2.18626070022583
11283.0888671875,55.412078857421875,2.2164831161499023
11303.09375,54.57809066772461,2.1831235885620117
11323.099609375,54.91460037231445,2.1965839862823486
11343.1044921875,54.53310012817383,2.181324005126953
11363.1103515625,54.92914962768555,2.1971659660339355
11383.1162109375,53.72719955444336,2.149087905883789
11403.12109375,53.25865936279297,2.1303462982177734
11423.126953125,53.49507141113281,2.1398026943206787
11443.1318359375,53.430179595947266,2.13720703125
11463.1376953125,54.13747024536133,2.165498733520508
11483.142578125,53.711700439453125,2.148468017578125
11503.1484375,53.54111099243164,2.1416444778442383
11523.1533203125,53.23780059814453,2.129512071609497
11543.1591796875,53.445899963378906,2.13783597946167
11563.1650390625,52.95668029785156,2.118267059326172
11583.169921875,52.85517883300781,2.1142070293426514
11603.17578125,51.66225051879883,2.0664899349212646
11623.1806640625,50.98537063598633,2.039414882659912
11643.1865234375,51.50770950317383,2.0603082180023193
11663.19140625,51.4989013671875,2.0599560737609863
11683.197265625,51.695518493652344,2.0678207874298096
11703.2021484375,50.841819763183594,2.03367280960083
11723.2080078125,51.5561408996582,2.0622456073760986
11743.2138671875,51.48318099975586,2.0593271255493164
11763.21875,50.051368713378906,2.0020546913146973
11783.224609375,49.75910949707031,1.9903643131256104
11803.2294921875,50.970699310302734,2.038827896118164
11823.2353515625,50.24544143676758,2.009817600250244
11843.240234375,48.556640625,1.9422656297683716
11863.24609375,50.07569885253906,2.00302791595459
11883.251953125,48.381568908691406,1.935262680053711
11903.2568359375,49.32461929321289,1.9729846715927124
11923.2626953125,49.74626159667969,1.989850401878357
11943.267578125,49.662479400634766,1.9864991903305054
11963.2734375,48.905521392822266,1.9562208652496338
11983.2783203125,46.6833610534668,1.8673343658447266
12003.2841796875,47.970741271972656,1.9188295602798462
12023.2890625,48.90864181518555,1.9563456773757935
12043.294921875,46.935970306396484,1.8774387836456299
12063.30078125,48.36389923095703,1.9345558881759644
12083.3056640625,46.138038635253906,1.8455214500427246
12103.3115234375,47.1668701171875,1.8866747617721558
12123.31640625,47.6859016418457,1.9074360132217407
12143.322265625,47.75809097290039,1.9103236198425293
12163.3271484375,47.75606918334961,1.9102426767349243
12183.3330078125,47.453948974609375,1.8981579542160034
12203.337890625,47.2193603515625,1.8887743949890137
12223.34375,47.08216094970703,1.8832863569259644
12243.349609375,46.83694839477539,1.8734779357910156
12263.3544921875,46.75682067871094,1.8702727556228638
12283.3603515625,46.00920104980469,1.8403680324554443
12303.365234375,46.422119140625,1.8568847179412842
12323.37109375,46.05794906616211,1.8423179388046265
12343.3759765625,45.987701416015625,1.839508056640625
12363.3818359375,45.910850524902344,1.836434006690979
12383.3876953125,45.92177963256836,1.8368711471557617
12403.392578125,45.23551940917969,1.8094207048416138
12423.3984375,45.11307144165039,1.8045228719711304
12443.4033203125,44.90644073486328,1.7962576150894165
12463.4091796875,45.01887893676758,1.8007551431655884
12483.4140625,44.924720764160156,1.796988844871521
12503.419921875,44.91299057006836,1.7965196371078491
12523.4248046875,44.21992874145508,1.7687971591949463
12543.4306640625,44.39183044433594,1.7756731510162354
12563.4365234375,44.098548889160156,1.7639418840408325
12583.44140625,43.93693923950195,1.7574775218963623
12603.447265625,43.9498405456543,1.7579935789108276
12623.4521484375,43.61957931518555,1.7447831630706787
12643.4580078125,43.48155975341797,1.739262342453003
12663.462890625,43.32548141479492,1.733019232749939
12683.46875,42.65121841430664,1.7060487270355225
12703.474609375,43.29648971557617,1.731859564781189
12723.4794921875,43.12049865722656,1.7248198986053467
12743.4853515625,42.70111846923828,1.7080446481704712
12763.490234375,42.855690002441406,1.714227557182312
12783.49609375,42.60778045654297,1.7043111324310303
12803.5009765625,41.91643142700195,1.6766571998596191
12823.5068359375,37.545040130615234,1.501801609992981
12843.51171875,41.10097122192383,1.6440387964248657
12863.517578125,41.556068420410156,1.6622426509857178
12883.5234375,41.62078094482422,1.6648311614990234
12903.5283203125,41.19453048706055,1.6477811336517334
12923.5341796875,41.474910736083984,1.658996343612671
12943.5390625,41.17267990112305,1.6469072103500366
12963.544921875,41.38526153564453,1.6554104089736938
12983.5498046875,40.89680099487305,1.6358720064163208
13003.5556640625,41.077430725097656,1.643097162246704
13023.5615234375,40.56111145019531,1.6224443912506104
13043.56640625,40.27732849121094,1.6110930442810059
13063.572265625,40.578399658203125,1.6231359243392944
13083.5771484375,40.400970458984375,1.6160387992858887
13103.5830078125,40.22858810424805,1.6091434955596924
13123.587890625,39.244319915771484,1.569772720336914
13143.59375,39.96184158325195,1.5984736680984497
13163.599609375,38.721561431884766,1.5488624572753906
13183.6044921875,39.54685974121094,1.5818743705749512
13203.6103515625,39.65904998779297,1.5863620042800903
13223.615234375,39.35504913330078,1.5742019414901733
13243.62109375,39.398040771484375,1.575921654701233
13263.6259765625,39.026248931884766,1.5610499382019043
13283.6318359375,38.90589904785156,1.556235909461975
13303.63671875,38.13821029663086,1.5255284309387207
13323.642578125,38.17301940917969,1.5269207954406738
13343.6484375,38.81599044799805,1.5526396036148071
13363.6533203125,38.518890380859375,1.5407556295394897
13383.6591796875,38.2805290222168,1.5312211513519287
13403.6640625,37.76020050048828,1.5104080438613892
13423.669921875,38.0766716003418,1.5230668783187866
13443.6748046875,38.0714111328125,1.52285635471344
13463.6806640625,37.79042053222656,1.511616826057434
13483.6865234375,37.86344909667969,1.5145379304885864
13503.69140625,37.239280700683594,1.489571213722229
13523.697265625,37.56161117553711,1.5024644136428833
13543.7021484375,37.40583038330078,1.4962332248687744
13563.7080078125,36.37253952026367,1.4549015760421753
13583.712890625,37.082889556884766,1.4833155870437622
13603.71875,36.56011962890625,1.462404727935791
13623.724609375,36.80767059326172,1.4723068475723267
13643.7294921875,36.34309005737305,1.4537235498428345
13663.7353515625,36.6149787902832,1.4645991325378418
13683.740234375,36.05030059814453,1.4420119524002075
13703.74609375,35.855770111083984,1.4342308044433594
13723.7509765625,36.14876937866211,1.4459507465362549
13743.7568359375,35.94990158081055,1.4379960298538208
13763.76171875,35.47024154663086,1.4188096523284912
13783.767578125,35.840248107910156,1.4336098432540894
13803.7734375,35.76660919189453,1.430664300918579
13823.7783203125,35.34777069091797,1.4139107465744019
13843.7841796875,35.586490631103516,1.4234596490859985
13863.7890625,35.14371871948242,1.405748724937439
13883.794921875,35.35803985595703,1.4143215417861938
13903.7998046875,35.02037811279297,1.4008151292800903
13923.8056640625,35.14186096191406,1.4056744575500488
13943.8115234375,34.90345001220703,1.3961379528045654
13963.81640625,34.730628967285156,1.3892251253128052
13983.822265625,34.88447189331055,1.395378828048706
14003.8271484375,34.11927032470703,1.364770770072937
14023.8330078125,34.23630142211914,1.3694519996643066
14043.837890625,34.00965118408203,1.3603860139846802
14063.84375,33.987579345703125,1.359503149986267
14083.849609375,34.047760009765625,1.361910343170166
14103.8544921875,34.02320861816406,1.3609282970428467
14123.8603515625,33.15822982788086,1.3263291120529175
14143.865234375,33.262821197509766,1.3305127620697021
14163.87109375,33.5283088684082,1.3411322832107544
14183.8759765625,33.48542022705078,1.339416742324829
14203.8818359375,33.168399810791016,1.3267359733581543
14223.88671875,32.381370544433594,1.2952548265457153
14243.892578125,32.78812026977539,1.311524748802185
14263.8984375,32.21186065673828,1.288474440574646
14283.9033203125,32.14038848876953,1.2856155633926392
14303.9091796875,32.289798736572266,1.2915918827056885
14323.9140625,32.435760498046875,1.297430396080017
14343.919921875,32.34524917602539,1.2938098907470703
14363.9248046875,32.44546890258789,1.2978187799453735
14383.9306640625,32.498260498046875,1.2999303340911865
14403.9365234375,31.061979293823242,1.2424790859222412
14423.94140625,31.63612937927246,1.2654451131820679
14443.947265625,31.340560913085938,1.2536224126815796
14463.9521484375,31.92845916748047,1.277138352394104
14483.9580078125,31.659250259399414,1.2663699388504028
14503.962890625,31.410310745239258,1.256412386894226
14523.96875,30.980670928955078,1.2392268180847168
14543.974609375,30.974090576171875,1.2389636039733887
14563.9794921875,30.84511947631836,1.233804702758789
14583.9853515625,31.365230560302734,1.254609227180481
14603.990234375,31.144630432128906,1.2457852363586426
14623.99609375,30.77849006652832,1.2311395406723022
14644.0009765625,30.735769271850586,1.2294307947158813
14664.0068359375,30.545820236206055,1.2218327522277832
14684.0126953125,30.629289627075195,1.2251715660095215
14704.017578125,30.411020278930664,1.2164407968521118
14724.0234375,30.237720489501953,1.2095087766647339
14744.0283203125,29.758649826049805,1.1903460025787354
14764.0341796875,29.812580108642578,1.1925032138824463
14784.0390625,29.585729598999023,1.1834291219711304
14804.044921875,30.174020767211914,1.2069607973098755
14824.05078125,29.931310653686523,1.1972523927688599
14844.0556640625,29.492279052734375,1.1796910762786865
14864.0615234375,29.7726993560791,1.1909079551696777
14884.06640625,27.471939086914062,1.0988775491714478
14904.072265625,29.798120498657227,1.191924810409546
14924.0771484375,29.584110260009766,1.1833643913269043
14944.0830078125,29.79184913635254,1.191673994064331
14964.0888671875,28.8944091796875,1.1557763814926147
14984.09375,29.295040130615234,1.1718015670776367
15004.099609375,29.246049880981445,1.169842004776001
15024.1044921875,28.052209854125977,1.1220883131027222
15044.1103515625,27.62425994873047,1.1049703359603882
15064.115234375,27.35257911682129,1.0941030979156494
15084.12109375,28.278120040893555,1.13112473487854
15104.1259765625,29.055700302124023,1.162227988243103
15124.1318359375,28.50322914123535,1.1401290893554688
15144.1376953125,28.277530670166016,1.1311012506484985
15164.142578125,28.41337013244629,1.1365348100662231
15184.1484375,28.49428939819336,1.139771580696106
15204.1533203125,28.389280319213867,1.1355712413787842
15224.1591796875,27.62458038330078,1.1049832105636597
15244.1640625,27.825429916381836,1.113017201423645
15264.169921875,28.215999603271484,1.1286399364471436
15284.17578125,28.266599655151367,1.1306639909744263
15304.1806640625,27.093870162963867,1.0837547779083252
15324.1865234375,27.96977996826172,1.1187912225723267
15344.19140625,27.44101905822754,1.0976407527923584
15364.197265625,27.81924057006836,1.112769603729248
15384.2021484375,27.493860244750977,1.0997543334960938
15404.2080078125,26.93670082092285,1.0774680376052856
15424.2138671875,27.193889617919922,1.087755560874939
15444.21875,27.578590393066406,1.103143572807312
15464.224609375,27.525299072265625,1.1010119915008545
15484.2294921875,26.75848960876465,1.070339560508728
15504.2353515625,26.695920944213867,1.0678367614746094
15524.240234375,27.054800033569336,1.0821919441223145
15544.24609375,26.20844078063965,1.0483375787734985
15564.251953125,26.423580169677734,1.0569431781768799
15584.2568359375,26.525529861450195,1.0610212087631226
15604.2626953125,26.436019897460938,1.0574407577514648
15624.267578125,26.60296058654785,1.0641183853149414
15644.2734375,26.29231071472168,1.0516923666000366
15664.2783203125,25.90353012084961,1.0361411571502686
15684.2841796875,25.775279998779297,1.0310112237930298
15704.2900390625,25.90608024597168,1.036243200302124
15724.294921875,26.04037094116211,1.0416147708892822
15744.30078125,25.486309051513672,1.0194523334503174
15764.3056640625,24.612430572509766,0.9844971895217896
15784.3115234375,24.30617904663086,0.9722471237182617
15804.31640625,25.767919540405273,1.0307167768478394
15824.322265625,24.828229904174805,0.9931291937828064
15844.328125,25.173830032348633,1.0069531202316284
15864.3330078125,25.2454891204834,1.009819507598877
15884.3388671875,24.140869140625,0.9656347632408142
15904.34375,22.983299255371094,0.919331967830658
15924.349609375,24.50473976135254,0.9801895618438721
15944.3544921875,25.277549743652344,1.0111019611358643
15964.3603515625,24.248090744018555,0.9699236154556274
15984.3662109375,25.242929458618164,1.0097171068191528
16004.37109375,24.493549346923828,0.9797419309616089
16024.376953125,24.530820846557617,0.9812328219413757
16044.3818359375,24.493450164794922,0.9797379970550537
16064.3876953125,24.351539611816406,0.9740615487098694
16084.392578125,24.575040817260742,0.9830015897750854
16104.3984375,23.390750885009766,0.9356300234794617
16124.404296875,23.930410385131836,0.9572163820266724
16144.4091796875,24.19426918029785,0.9677707552909851
16164.4150390625,23.024280548095703,0.9209712147712708
16184.419921875,24.162160873413086,0.966486394405365
16204.42578125,23.223440170288086,0.9289376139640808
16224.4306640625,23.697860717773438,0.9479144215583801
16244.4365234375,24.00486946105957,0.9601947665214539
16264.4423828125,23.90774917602539,0.956309974193573
16284.447265625,24.11528968811035,0.9646115899085999
16304.453125,23.727079391479492,0.949083149433136
16324.4580078125,23.609830856323242,0.9443932175636292
16344.4638671875,23.32996940612793,0.9331987500190735
16364.46875,23.04030990600586,0.9216123819351196
16384.474609375,22.367900848388672,0.8947160243988037
16404.48046875,22.292190551757812,0.8916876316070557
16424.486328125,22.242250442504883,0.8896899819374084
16444.490234375,22.203699111938477,0.8881479501724243
16464.49609375,22.790220260620117,0.9116088151931763
16484.501953125,22.821760177612305,0.9128704071044922
16504.5078125,22.36142921447754,0.8944571614265442
16524.51171875,22.41337013244629,0.89653480052948
16544.517578125,22.61166000366211,0.9044663906097412
16564.5234375,22.583810806274414,0.9033524394035339
16584.529296875,22.56390953063965,0.9025563597679138
16604.53515625,22.320180892944336,0.8928072452545166
16624.5390625,22.392610549926758,0.8957043886184692
16644.544921875,22.242469787597656,0.8896987438201904
16664.55078125,21.897480010986328,0.8758991956710815
16684.556640625,21.576749801635742,0.8630699515342712
16704.5625,22.10651969909668,0.8842607736587524
16724.56640625,21.204679489135742,0.8481871485710144
16744.572265625,21.68461036682129,0.8673843741416931
16764.578125,20.97662925720215,0.8390651345252991
16784.583984375,21.292930603027344,0.8517172336578369
16804.587890625,20.32037925720215,0.8128151297569275
16824.59375,19.975629806518555,0.7990251779556274
16844.599609375,20.906600952148438,0.8362640142440796
16864.60546875,20.984569549560547,0.8393827676773071
16884.611328125,20.954029083251953,0.8381611704826355
16904.615234375,20.766849517822266,0.8306739330291748
16924.62109375,21.10331916809082,0.8441327214241028
16944.626953125,20.967769622802734,0.8387107849121094
16964.6328125,20.89480972290039,0.8357923626899719
16984.638671875,20.807069778442383,0.8322827816009521
17004.642578125,20.464950561523438,0.8185980319976807
17024.6484375,20.301809310913086,0.8120723366737366
17044.654296875,20.332000732421875,0.8132799863815308
17064.66015625,20.365270614624023,0.8146107792854309
17084.6640625,20.019269943237305,0.8007707595825195
17104.669921875,20.15283966064453,0.8061135411262512
17124.67578125,19.346460342407227,0.773858368396759
17144.681640625,20.2158203125,0.8086327910423279
17164.6875,19.99264907836914,0.7997059226036072
17184.69140625,19.91436004638672,0.7965744137763977
17204.697265625,19.615339279174805,0.7846135497093201
17224.703125,19.599199295043945,0.7839679718017578
17244.708984375,18.9484806060791,0.7579392194747925
17264.71484375,19.353900909423828,0.7741560339927673
17284.71875,19.262210845947266,0.770488440990448
17304.724609375,19.36758041381836,0.7747032046318054
17324.73046875,18.98431968688965,0.7593727707862854
17344.736328125,18.02545928955078,0.721018373966217
17364.740234375,17.565319061279297,0.7026127576828003
17384.74609375,18.173179626464844,0.7269271612167358
17404.751953125,18.672239303588867,0.7468895316123962
17424.7578125,18.501489639282227,0.7400595545768738
17444.763671875,18.79701042175293,0.751880407333374
17464.767578125,18.411270141601562,0.7364507913589478
17484.7734375,18.333330154418945,0.733333170413971
17504.779296875,18.37571907043457,0.7350287437438965
17524.78515625,18.282730102539062,0.731309175491333
17544.791015625,18.478219985961914,0.7391287684440613
17564.794921875,18.386749267578125,0.7354699373245239
17584.80078125,18.349380493164062,0.7339752316474915
17604.806640625,18.28352928161621,0.7313411831855774
17624.8125,17.762920379638672,0.7105168104171753
17644.81640625,18.04509925842285,0.7218039631843567
17664.822265625,18.159090042114258,0.7263635993003845
17684.828125,17.961219787597656,0.7184487581253052
17704.833984375,17.811960220336914,0.7124783992767334
17724.83984375,17.887880325317383,0.7155151963233948
17744.84375,17.87955093383789,0.7151820063591003
17764.849609375,17.53154945373535,0.7012619376182556
17784.85546875,17.406959533691406,0.6962783932685852
17804.861328125,17.43294906616211,0.6973179578781128
17824.8671875,17.37401008605957,0.6949604153633118
17844.87109375,17.349260330200195,0.6939703822135925
17864.876953125,17.252920150756836,0.6901167631149292
17884.8828125,17.442779541015625,0.697711169719696
17904.888671875,17.273950576782227,0.6909580230712891
17924.89453125,17.139789581298828,0.6855915784835815
17944.8984375,16.99321937561035,0.6797287464141846
17964.904296875,16.981229782104492,0.6792491674423218
17984.91015625,16.947349548339844,0.6778939962387085
18004.916015625,16.860910415649414,0.6744363903999329
18024.919921875,16.54754066467285,0.661901593208313
18044.92578125,16.759069442749023,0.6703627705574036
18064.931640625,16.649200439453125,0.6659680008888245
18084.9375,16.62420082092285,0.6649680137634277
18104.943359375,16.59096908569336,0.6636387705802917
18124.947265625,16.409000396728516,0.6563600301742554
18144.953125,16.22127914428711,0.6488511562347412
18164.958984375,15.783269882202148,0.6313307881355286
18184.96484375,14.645210266113281,0.5858083963394165
18204.970703125,15.675849914550781,0.6270340085029602
18224.974609375,15.547189712524414,0.6218875646591187
18244.98046875,16.031280517578125,0.6412512063980103
18264.986328125,16.02260971069336,0.6409043669700623
18284.9921875,15.803500175476074,0.6321399807929993
18304.99609375,15.941579818725586,0.6376631855964661
18325.001953125,15.79656982421875,0.6318627595901489
18345.0078125,15.706350326538086,0.6282539963722229
18365.013671875,15.699970245361328,0.6279987692832947
18385.01953125,15.496319770812988,0.6198527812957764
18405.0234375,15.522370338439941,0.6208947896957397
18425.029296875,15.21681022644043,0.6086723804473877
18445.03515625,15.342550277709961,0.6137019991874695
18465.041015625,15.442649841308594,0.6177060008049011
18485.046875,14.804010391235352,0.5921604037284851
18505.05078125,15.388839721679688,0.6155535578727722
18525.056640625,15.267029762268066,0.6106811761856079
18545.0625,15.141059875488281,0.6056423783302307
18565.068359375,14.884949684143066,0.59539794921875
18585.072265625,15.0693998336792,0.6027759909629822
18605.078125,14.803030014038086,0.5921211838722229
18625.083984375,14.683270454406738,0.5873308181762695
18645.08984375,14.744990348815918,0.5897995829582214
18665.095703125,14.497130393981934,0.5798851847648621
18685.099609375,14.495050430297852,0.5798019766807556
18705.10546875,14.625740051269531,0.5850296020507812
18725.111328125,14.149550437927246,0.5659819841384888
18745.1171875,13.74512004852295,0.5498048067092896
18765.123046875,11.968910217285156,0.4787563979625702
18785.126953125,13.983460426330566,0.559338390827179
18805.1328125,14.10984992980957,0.5643939971923828
18825.138671875,14.297710418701172,0.5719084143638611
18845.14453125,14.2177095413208,0.5687083601951599
18865.1484375,13.933679580688477,0.5573471784591675
18885.154296875,14.226229667663574,0.5690491795539856
18905.16015625,13.838740348815918,0.553549587726593
18925.166015625,13.784150123596191,0.5513659715652466
18945.171875,13.614080429077148,0.5445632338523865
18965.17578125,13.332759857177734,0.5333103537559509
18985.181640625,13.789299964904785,0.5515719652175903
19005.1875,13.681539535522461,0.5472615957260132
19025.193359375,13.976550102233887,0.5590620040893555
19045.19921875,13.673299789428711,0.5469319820404053
19065.203125,13.730569839477539,0.5492227673530579
19085.208984375,13.612190246582031,0.5444875955581665
19105.21484375,13.705309867858887,0.5482124090194702
19125.220703125,13.383049964904785,0.5353220105171204
19145.2265625,13.632120132446289,0.5452848076820374
19165.23046875,13.502989768981934,0.5401195883750916
19185.236328125,13.429369926452637,0.5371747612953186
19205.2421875,13.188480377197266,0.5275391936302185
19225.248046875,13.426719665527344,0.537068784236908
19245.251953125,13.220749855041504,0.5288299918174744
19265.2578125,13.304840087890625,0.5321936011314392
19285.263671875,12.956769943237305,0.5182707905769348
19305.26953125,12.924759864807129,0.5169903635978699
19325.275390625,12.759610176086426,0.5103843808174133
19345.279296875,12.955719947814941,0.5182287693023682
19365.28515625,12.923620223999023,0.5169448256492615
19385.291015625,12.968990325927734,0.5187596082687378
19405.296875,12.528349876403809,0.5011339783668518
19425.302734375,12.678150177001953,0.507125973701477
19445.306640625,11.588120460510254,0.46352481842041016
19465.3125,11.427630424499512,0.45710521936416626
19485.318359375,12.442110061645508,0.49768438935279846
19505.32421875,12.422240257263184,0.496889591217041
19525.328125,12.04992961883545,0.48199716210365295
19545.333984375,12.651350021362305,0.5060539841651917
19565.33984375,12.575889587402344,0.5030355453491211
19585.345703125,12.545129776000977,0.5018051862716675
19605.3515625,12.442959785461426,0.4977183938026428
19625.35546875,12.333169937133789,0.4933267831802368
19645.361328125,11.954970359802246,0.4781987965106964
19665.3671875,12.146719932556152,0.48586878180503845
19685.373046875,12.363080024719238,0.49452319741249084
19705.37890625,12.246560096740723,0.4898623824119568
19725.3828125,11.855259895324707,0.47421038150787354
19745.388671875,12.04992961883545,0.48199716210365295
19765.39453125,12.132619857788086,0.4853047728538513
19785.400390625,11.760339736938477,0.47041356563568115
19805.404296875,11.864179611206055,0.474567174911499
19825.41015625,11.87267017364502,0.4749068021774292
19845.416015625,11.863759994506836,0.47455039620399475
19865.421875,11.503860473632812,0.4601544141769409
19885.427734375,11.935500144958496,0.47742000222206116
19905.431640625,11.89406967163086,0.4757627844810486
19925.4375,11.70872974395752,0.4683491885662079
19945.443359375,11.47821044921875,0.45912840962409973
19965.44921875,11.642889976501465,0.46571558713912964
19985.455078125,11.513699531555176,0.4605479836463928
20005.458984375,11.661029815673828,0.46644118428230286
20025.46484375,11.52914047241211,0.4611656069755554
20045.470703125,11.441880226135254,0.45767518877983093
20065.4765625,11.4056396484375,0.45622557401657104
20085.482421875,11.515589714050293,0.4606235921382904
20105.486328125,11.460229873657227,0.4584091901779175
20125.4921875,11.402739524841309,0.45610958337783813
20145.498046875,11.321200370788574,0.45284801721572876
20165.50390625,11.338629722595215,0.4535451829433441
20185.5078125,11.301309585571289,0.45205238461494446
20205.513671875,11.137749671936035,0.44550997018814087
20225.51953125,10.925789833068848,0.4370315968990326
20245.525390625,11.09179973602295,0.44367197155952454
20265.53125,11.094149589538574,0.4437659680843353
20285.53515625,11.002690315246582,0.4401076138019562
20305.541015625,10.742199897766113,0.4296879768371582
20325.546875,11.006360054016113,0.4402543902397156
20345.552734375,10.838040351867676,0.4335215985774994
20365.55859375,10.821619987487793,0.432864785194397
20385.5625,10.52871036529541,0.421148419380188
20405.568359375,10.839090347290039,0.43356359004974365
20425.57421875,10.748920440673828,0.4299567937850952
20445.580078125,10.783169746398926,0.4313267767429352
20465.583984375,10.752220153808594,0.4300887882709503
20485.58984375,10.657219886779785,0.42628878355026245
20505.595703125,10.639189720153809,0.4255675673484802
20525.6015625,10.497010231018066,0.41988039016723633
20545.607421875,10.535860061645508,0.4214344024658203
20565.611328125,10.534839630126953,0.42139357328414917
20585.6171875,10.466790199279785,0.4186716079711914
20605.623046875,10.258930206298828,0.41035720705986023
20625.62890625,10.449729919433594,0.41798919439315796
20645.634765625,10.024200439453125,0.4009680151939392
20665.638671875,10.371990203857422,0.41487959027290344
20685.64453125,10.292559623718262,0.41170236468315125
20705.650390625,10.091620445251465,0.40366479754447937
20725.65625,10.179499626159668,0.40717998147010803
20745.66015625,10.231389999389648,0.40925559401512146
20765.666015625,10.191940307617188,0.4076775908470154
20785.671875,10.1639404296875,0.4065576195716858
20805.677734375,9.932424545288086,0.3972969651222229
20825.68359375,10.04796028137207,0.4019184112548828
20845.6875,9.855086326599121,0.39420345425605774
20865.693359375,10.005080223083496,0.4002031981945038
20885.69921875,9.963475227355957,0.3985390067100525
20905.705078125,9.947033882141113,0.3978813588619232
20925.7109375,9.618074417114258,0.3847229778766632
20945.71484375,9.710592269897461,0.3884236812591553
20965.720703125,9.670780181884766,0.3868311941623688
20985.7265625,9.733356475830078,0.3893342614173889
21005.732421875,9.725115776062012,0.3890046179294586
21025.73828125,9.687521934509277,0.3875008821487427
21045.7421875,9.699466705322266,0.3879786729812622
21065.748046875,9.70028305053711,0.38801130652427673
21085.75390625,9.64306926727295,0.3857227563858032
21105.759765625,9.4580717086792,0.37832286953926086
21125.763671875,9.570342063903809,0.3828136622905731
21145.76953125,9.523366928100586,0.3809346556663513
21165.775390625,9.34363842010498,0.37374553084373474
21185.78125,9.449934005737305,0.37799733877182007
21205.787109375,9.333051681518555,0.373322069644928
21225.791015625,9.358583450317383,0.3743433356285095
21245.796875,9.201120376586914,0.36804479360580444
21265.802734375,9.257521629333496,0.37030085921287537
21285.80859375,9.310640335083008,0.3724256157875061
21305.814453125,9.253056526184082,0.3701222538948059
21325.818359375,9.265181541442871,0.37060725688934326
21345.82421875,9.22192668914795,0.3688770532608032
21365.830078125,9.016719818115234,0.36066877841949463
21385.8359375,9.172521591186523,0.36690086126327515
21405.83984375,9.11604118347168,0.36464163661003113
21425.845703125,9.099525451660156,0.3639810085296631
21445.8515625,9.029050827026367,0.3611620366573334
21465.857421875,8.947999000549316,0.35791996121406555
21485.86328125,9.008625984191895,0.3603450357913971
21505.8671875,8.973722457885742,0.35894888639450073
21525.873046875,8.902677536010742,0.35610708594322205
21545.87890625,8.878581047058105,0.3551432192325592
21565.884765625,8.86647891998291,0.35465914011001587
21585.890625,8.833585739135742,0.3533434271812439
21605.89453125,8.753266334533691,0.3501306474208832
21625.900390625,8.655013084411621,0.34620052576065063
21645.90625,8.47241497039795,0.33889660239219666
21665.912109375,7.608471870422363,0.30433887243270874
21685.91796875,8.303814888000488,0.3321525752544403
21705.921875,8.517407417297363,0.3406962752342224
21725.927734375,8.551423072814941,0.34205693006515503
21745.93359375,8.55530834197998,0.3422123193740845
21765.939453125,8.460639953613281,0.33842557668685913
21785.943359375,8.317131042480469,0.3326852321624756
21805.94921875,8.528556823730469,0.3411422669887543
21825.955078125,8.343378067016602,0.3337351083755493
21845.9609375,8.45661735534668,0.33826467394828796
21865.966796875,8.453033447265625,0.33812132477760315
21885.970703125,8.166020393371582,0.3266408145427704
21905.9765625,8.322843551635742,0.33291372656822205
21925.982421875,8.370332717895508,0.33481329679489136
21945.98828125,8.32880973815918,0.3331523835659027
21965.994140625,8.298452377319336,0.33193808794021606
21985.998046875,8.297028541564941,0.3318811357021332
22006.00390625,8.256199836730957,0.33024799823760986
22026.009765625,8.210253715515137,0.32841014862060547
22046.015625,8.213644027709961,0.3285457491874695
22066.021484375,7.7843241691589355,0.3113729655742645
22086.025390625,7.972390174865723,0.3188956081867218
22106.03125,8.109716415405273,0.32438865303993225
22126.037109375,8.097628593444824,0.3239051401615143
22146.04296875,8.0623197555542,0.322492778301239
22166.046875,7.971261978149414,0.31885045766830444
22186.052734375,7.962715148925781,0.3185085952281952
22206.05859375,8.001108169555664,0.32004430890083313
22226.064453125,7.957787036895752,0.318311482667923
22246.0703125,7.9236040115356445,0.3169441521167755
22266.07421875,7.7526631355285645,0.3101065158843994
22286.080078125,7.844775199890137,0.3137910068035126
22306.0859375,7.837719917297363,0.3135087788105011
22326.091796875,7.830867767333984,0.31323471665382385
22346.09765625,7.821339130401611,0.31285354495048523
22366.1015625,7.778253078460693,0.3111301064491272
22386.107421875,7.61920690536499,0.30476826429367065
22406.11328125,7.665627956390381,0.306625097990036
22426.119140625,7.652956008911133,0.3061182200908661
22446.123046875,7.661191940307617,0.30644768476486206
22466.12890625,7.656466007232666,0.3062586188316345
22486.134765625,7.515487194061279,0.3006194829940796
22506.140625,7.589760780334473,0.30359041690826416
22526.146484375,7.54656982421875,0.30186277627944946
22546.150390625,7.409714221954346,0.29638856649398804
22566.15625,7.463243007659912,0.298529714345932
22586.162109375,7.492930889129639,0.2997172176837921
22606.16796875,7.477593898773193,0.2991037368774414
22626.173828125,7.300589084625244,0.29202356934547424
22646.177734375,7.3918070793151855,0.2956722676753998
22666.18359375,7.336788177490234,0.2934715151786804
22686.189453125,7.3666510581970215,0.29466602206230164
22706.1953125,7.350574016571045,0.29402294754981995
22726.201171875,7.299821853637695,0.2919928729534149
22746.205078125,7.255055904388428,0.29020223021507263
22766.2109375,7.290438175201416,0.2916175127029419
22786.216796875,7.27738094329834,0.29109522700309753
22806.22265625,7.234086990356445,0.28936347365379333
22826.2265625,6.916335105895996,0.2766534090042114
22846.232421875,7.153233051300049,0.28612932562828064
22866.23828125,7.119959831237793,0.28479838371276855
22886.244140625,7.141174793243408,0.2856469750404358
22906.25,7.124009132385254,0.2849603593349457
22926.25390625,7.089127063751221,0.28356507420539856
22946.259765625,6.839078903198242,0.2735631465911865
22966.265625,6.892733097076416,0.275709331035614
22986.271484375,6.879396915435791,0.27517586946487427
23006.27734375,6.91557502746582,0.2766229808330536
23026.28125,6.930193901062012,0.27720776200294495
23046.287109375,6.918959140777588,0.2767583727836609
23066.29296875,6.905086994171143,0.2762034833431244
23086.298828125,6.889011859893799,0.2755604684352875
23106.302734375,6.84869909286499,0.27394795417785645
23126.30859375,6.84081506729126,0.27363258600234985
23146.314453125,6.8388991355896,0.2735559642314911
23166.3203125,6.74475622177124,0.2697902321815491
23186.326171875,6.681327819824219,0.2672531008720398
23206.330078125,6.755138874053955,0.270205557346344
23226.3359375,6.6094231605529785,0.2643769085407257
23246.341796875,6.47108793258667,0.2588435113430023
23266.34765625,6.468368053436279,0.25873470306396484
23286.353515625,6.589564800262451,0.26358258724212646
23306.357421875,6.6045331954956055,0.26418131589889526
23326.36328125,6.5275678634643555,0.26110270619392395
23346.369140625,6.562234878540039,0.262489378452301
23366.375,6.470884799957275,0.2588353753089905
23386.380859375,6.444324970245361,0.2577729821205139
23406.384765625,6.525742053985596,0.2610296905040741
23426.390625,6.515161991119385,0.26060646772384644
23446.396484375,6.4991841316223145,0.2599673569202423
23466.40234375,6.461030006408691,0.25844117999076843
23486.40625,6.461789131164551,0.2584715485572815
23506.412109375,6.450948238372803,0.2580379247665405
23526.41796875,6.186943054199219,0.2474777102470398
23546.423828125,6.16534423828125,0.2466137707233429
23566.4296875,6.271039962768555,0.25084158778190613
23586.43359375,6.1809258460998535,0.24723702669143677
23606.439453125,6.260481834411621,0.2504192590713501
23626.4453125,6.283697128295898,0.2513478696346283
23646.451171875,6.2533087730407715,0.25013235211372375
23666.45703125,6.243799209594727,0.2497519701719284
23686.4609375,6.232675075531006,0.24930699169635773
23706.466796875,6.154332160949707,0.24617327749729156
23726.47265625,6.183487892150879,0.24733951687812805
23746.478515625,5.954613208770752,0.23818452656269073
23766.484375,6.139264106750488,0.24557055532932281
23786.48828125,6.173411846160889,0.24693647027015686
23806.494140625,6.141696929931641,0.24566787481307983
23826.5,6.065281867980957,0.24261127412319183
23846.505859375,5.751458168029785,0.23005832731723785
23866.509765625,5.7588019371032715,0.23035207390785217
23886.515625,5.9638800621032715,0.2385551929473877
23906.521484375,5.976233005523682,0.23904931545257568
23926.52734375,5.9440460205078125,0.23776184022426605
23946.533203125,5.945261001586914,0.2378104329109192
23966.537109375,5.925429821014404,0.2370171844959259
23986.54296875,5.95674991607666,0.23826998472213745
24006.548828125,5.867729187011719,0.23470915853977203
24026.5546875,5.916553020477295,0.2366621196269989
24046.560546875,5.8943772315979,0.23577508330345154
24066.564453125,5.867162227630615,0.234686478972435
24086.5703125,5.855766773223877,0.2342306673526764
24106.576171875,5.847336769104004,0.2338934689760208
24126.58203125,5.843752861022949,0.2337501049041748
24146.5859375,5.593778133392334,0.22375112771987915
24166.591796875,5.434239864349365,0.21736958622932434
24186.59765625,5.709578037261963,0.2283831089735031
24206.603515625,5.673696994781494,0.2269478738307953
24226.609375,5.6924309730529785,0.2276972383260727
24246.61328125,5.649125099182129,0.2259649932384491
24266.619140625,5.644865989685059,0.22579462826251984
24286.625,5.638613224029541,0.2255445271730423
24306.630859375,5.66116189956665,0.2264464646577835
24326.63671875,5.629043102264404,0.22516171634197235
24346.640625,5.582339763641357,0.22329358756542206
24366.646484375,5.525257110595703,0.22101028263568878
24386.65234375,5.5218000411987305,0.22087199985980988
24406.658203125,5.580002784729004,0.22320011258125305
24426.6640625,5.557671070098877,0.22230683267116547
24446.66796875,5.542601108551025,0.22170403599739075
24466.673828125,5.417651176452637,0.2167060375213623
24486.6796875,5.366827011108398,0.21467307209968567
24506.685546875,5.351323127746582,0.21405291557312012
24526.689453125,5.344523906707764,0.2137809544801712
24546.6953125,5.404881954193115,0.2161952704191208
24566.701171875,5.307820796966553,0.21231283247470856
24586.70703125,5.242171764373779,0.20968686044216156
24606.712890625,5.393798828125,0.21575194597244263
24626.716796875,5.375060081481934,0.2150024026632309
24646.72265625,5.371799945831299,0.21487198770046234
24666.728515625,5.343614101409912,0.21374456584453583
24686.734375,5.337766170501709,0.2135106474161148
24706.740234375,5.169590950012207,0.20678363740444183
24726.744140625,5.31505012512207,0.21260200440883636
24746.75,5.207941055297852,0.20831763744354248
24766.755859375,5.2819671630859375,0.21127867698669434
24786.76171875,5.242603778839111,0.20970414578914642
24806.767578125,5.024641990661621,0.20098567008972168
24826.771484375,5.025888919830322,0.20103555917739868
24846.77734375,5.191023826599121,0.20764094591140747
24866.783203125,5.0014238357543945,0.20005695521831512
24886.7890625,5.15456485748291,0.2061825841665268
24906.79296875,5.153316020965576,0.20613263547420502
24926.798828125,5.1361470222473145,0.20544587075710297
24946.8046875,5.078344821929932,0.20313379168510437
24966.810546875,5.094283103942871,0.20377132296562195
24986.81640625,5.074542999267578,0.20298171043395996
25006.8203125,5.09098482131958,0.20363938808441162
25056.833984375,5.053444862365723,0.2021377831697464
25156.861328125,4.941577911376953,0.1976631134748459
25256.888671875,4.894886016845703,0.1957954317331314
25356.916015625,4.822793006896973,0.19291171431541443
25456.943359375,4.742044925689697,0.1896817982196808
25556.970703125,4.667749881744385,0.18670998513698578
25656.998046875,4.591385841369629,0.18365542590618134
25757.025390625,4.565695762634277,0.1826278269290924
25857.052734375,4.443346977233887,0.1777338683605194
25957.080078125,4.42301082611084,0.17692042887210846
26057.107421875,4.367140769958496,0.17468562722206116
26157.134765625,4.284614086151123,0.1713845580816269
26257.162109375,4.086294174194336,0.16345176100730896
26357.189453125,4.168105125427246,0.16672420501708984
26457.216796875,4.105946063995361,0.164237841963768
26557.244140625,4.057826995849609,0.1623130738735199
26657.271484375,3.974363088607788,0.1589745134115219
26757.296875,3.9443650245666504,0.15777459740638733
26857.32421875,3.9139139652252197,0.15655656158924103
26957.3515625,3.858138084411621,0.15432551503181458
